{
  "IcoMoonType": "selection",
  "icons": [
    {
      "icon": {
        "paths": [
          "M731.429 348.571c-21.714 9.714-44.571 16-69.143 19.429 25.143-14.857 44-38.857 53.143-66.857-23.429 13.714-49.143 24-76.571 29.143-21.714-23.429-53.143-37.714-87.429-37.714-66.286 0-120 53.714-120 120 0 9.143 0.571 18.857 2.857 27.429-100-5.143-188.571-52.571-248-125.714-10.286 17.714-16.571 38.857-16.571 60.571 0 41.714 19.429 78.286 52 100-20-0.571-38.857-6.286-57.143-14.857v1.143c0 58.286 44 106.857 98.857 117.714-10.286 2.857-18.286 4.571-29.143 4.571-7.429 0-14.857-1.143-22.286-2.286 15.429 47.429 59.429 82.286 112 83.429-41.143 32-92.571 51.429-149.143 51.429-9.714 0-19.429-0.571-28.571-1.714 53.143 33.714 116 53.714 184 53.714 220.571 0 341.714-182.857 341.714-341.714 0-5.143 0-10.286-0.571-15.429 23.429-16.571 44-37.714 60-62.286zM877.714 237.714v548.571c0 90.857-73.714 164.571-164.571 164.571h-548.571c-90.857 0-164.571-73.714-164.571-164.571v-548.571c0-90.857 73.714-164.571 164.571-164.571h548.571c90.857 0 164.571 73.714 164.571 164.571z"
        ],
        "width": 877.7142857142857,
        "attrs": [],
        "isMulticolor": false,
        "isMulticolor2": false,
        "tags": [
          "twitter-square"
        ],
        "defaultCode": 61569,
        "grid": 14
      },
      "attrs": [],
      "properties": {
        "name": "twitter-square",
        "id": 122,
        "order": 5,
        "prevSize": 28
      },
      "setIdx": 0,
      "setId": 2,
      "iconIdx": 122
    },
    {
      "icon": {
        "paths": [
          "M713.143 73.143c90.857 0 164.571 73.714 164.571 164.571v548.571c0 90.857-73.714 164.571-164.571 164.571h-107.429v-340h113.714l17.143-132.571h-130.857v-84.571c0-38.286 10.286-64 65.714-64l69.714-0.571v-118.286c-12-1.714-53.714-5.143-101.714-5.143-101.143 0-170.857 61.714-170.857 174.857v97.714h-114.286v132.571h114.286v340h-304c-90.857 0-164.571-73.714-164.571-164.571v-548.571c0-90.857 73.714-164.571 164.571-164.571h548.571z"
        ],
        "width": 877.7142857142857,
        "attrs": [],
        "isMulticolor": false,
        "isMulticolor2": false,
        "tags": [
          "facebook-square"
        ],
        "defaultCode": 61570,
        "grid": 14
      },
      "attrs": [],
      "properties": {
        "name": "facebook-square",
        "id": 123,
        "order": 6,
        "prevSize": 28
      },
      "setIdx": 0,
      "setId": 2,
      "iconIdx": 123
    },
    {
      "icon": {
        "paths": [
          "M524 517.143c0-14.286-1.714-25.714-3.429-36.571h-206.857v75.429h124c-4.571 32-37.143 94.286-124 94.286-75.429 0-136.571-61.714-136.571-138.286s61.143-138.286 136.571-138.286c42.286 0 70.857 17.714 87.429 33.714l59.429-57.714c-38.286-35.429-88-57.143-146.857-57.143-121.714 0-219.429 98.286-219.429 219.429s97.714 219.429 219.429 219.429c126.286 0 210.286-89.143 210.286-214.286zM721.143 543.429h62.286v-62.857h-62.286v-62.857h-62.857v62.857h-62.857v62.857h62.857v62.857h62.857v-62.857zM877.714 237.714v548.571c0 90.857-73.714 164.571-164.571 164.571h-548.571c-90.857 0-164.571-73.714-164.571-164.571v-548.571c0-90.857 73.714-164.571 164.571-164.571h548.571c90.857 0 164.571 73.714 164.571 164.571z"
        ],
        "width": 877.7142857142857,
        "attrs": [],
        "isMulticolor": false,
        "isMulticolor2": false,
        "tags": [
          "google-plus-square"
        ],
        "defaultCode": 61652,
        "grid": 14
      },
      "attrs": [],
      "properties": {
        "name": "google-plus-square",
        "id": 188,
        "order": 7,
        "prevSize": 28
      },
      "setIdx": 0,
      "setId": 2,
      "iconIdx": 188
    },
    {
      "icon": {
        "paths": [
          "M585.143 512c0-80.571-65.714-146.286-146.286-146.286s-146.286 65.714-146.286 146.286 65.714 146.286 146.286 146.286 146.286-65.714 146.286-146.286zM664 512c0 124.571-100.571 225.143-225.143 225.143s-225.143-100.571-225.143-225.143 100.571-225.143 225.143-225.143 225.143 100.571 225.143 225.143zM725.714 277.714c0 29.143-23.429 52.571-52.571 52.571s-52.571-23.429-52.571-52.571 23.429-52.571 52.571-52.571 52.571 23.429 52.571 52.571zM438.857 152c-64 0-201.143-5.143-258.857 17.714-20 8-34.857 17.714-50.286 33.143s-25.143 30.286-33.143 50.286c-22.857 57.714-17.714 194.857-17.714 258.857s-5.143 201.143 17.714 258.857c8 20 17.714 34.857 33.143 50.286s30.286 25.143 50.286 33.143c57.714 22.857 194.857 17.714 258.857 17.714s201.143 5.143 258.857-17.714c20-8 34.857-17.714 50.286-33.143s25.143-30.286 33.143-50.286c22.857-57.714 17.714-194.857 17.714-258.857s5.143-201.143-17.714-258.857c-8-20-17.714-34.857-33.143-50.286s-30.286-25.143-50.286-33.143c-57.714-22.857-194.857-17.714-258.857-17.714zM877.714 512c0 60.571 0.571 120.571-2.857 181.143-3.429 70.286-19.429 132.571-70.857 184s-113.714 67.429-184 70.857c-60.571 3.429-120.571 2.857-181.143 2.857s-120.571 0.571-181.143-2.857c-70.286-3.429-132.571-19.429-184-70.857s-67.429-113.714-70.857-184c-3.429-60.571-2.857-120.571-2.857-181.143s-0.571-120.571 2.857-181.143c3.429-70.286 19.429-132.571 70.857-184s113.714-67.429 184-70.857c60.571-3.429 120.571-2.857 181.143-2.857s120.571-0.571 181.143 2.857c70.286 3.429 132.571 19.429 184 70.857s67.429 113.714 70.857 184c3.429 60.571 2.857 120.571 2.857 181.143z"
        ],
        "width": 877.7142857142857,
        "attrs": [],
        "isMulticolor": false,
        "isMulticolor2": false,
        "tags": [
          "instagram"
        ],
        "defaultCode": 61805,
        "grid": 14
      },
      "attrs": [],
      "properties": {
        "name": "instagram",
        "id": 329,
        "order": 8,
        "prevSize": 28
      },
      "setIdx": 0,
      "setId": 2,
      "iconIdx": 329
    }
  ],
  "height": 1024,
  "preferences": {
    "showGlyphs": true,
    "showQuickUse": true,
    "showQuickUse2": true,
    "showSVGs": true,
    "fontPref": {
      "prefix": "icon-",
      "metadata": {
        "fontFamily": "icomoon"
      },
      "metrics": {
        "emSize": 1024,
        "baseline": 6.25,
        "whitespace": 50
      },
      "embed": false
    },
    "imagePref": {
      "prefix": "icon-",
      "png": true,
      "useClassSelector": true,
      "color": 0,
      "bgColor": 16777215,
      "classSelector": ".icon"
    },
    "historySize": 50,
    "showCodes": true,
    "gridSize": 16
  }
}